,Tags
0,.htaccess
1,.net
2,.net-2.0
3,.net-3.5
4,.net-4.5
5,.net-assembly
6,.net-core
7,.net-standard-2.0
8,.nettiers
9,32-bit
10,3d
11,3dsmax
12,64-bit
13,aasm
14,abstract
15,abstract-class
16,accelerometer
17,access-control
18,accessibility
19,accounting
20,accountmanager
21,achartengine
22,actionbarsherlock
23,actionscript
24,actionscript-2
25,actionscript-3
26,activation
27,active-directory
28,activemq
29,activepivot
30,activerecord
31,activereports
32,activex
33,activity-finish
34,actor
35,actuate
36,ada
37,adapter
38,add-in
39,addclass
40,admin-ajax
41,admob
42,ado
43,ado.net
44,adobe
45,adobe-analytics
46,adobe-illustrator
47,adobe-indesign
48,adodb
49,ads
50,adt
51,advanced-custom-fields
52,aerospike
53,aes
54,afnetworking
55,afnetworking-2
56,aggregate
57,aggregation-framework
58,agile
59,aio
60,air
61,airbnb
62,airflow
63,aix
64,ajax
65,ajdt
66,ajp
67,akka
68,akka-stream
69,alfresco
70,algebraic-data-types
71,algolia
72,algorithm
73,algorithmic-trading
74,alias
75,aliases
76,alignment
77,allegro5
78,alluxio
79,alpha
80,alphabetical
81,alphanumeric
82,alsa
83,amazon-cloudwatch
84,amazon-cloudwatch-metrics
85,amazon-ec2
86,amazon-elastic-beanstalk
87,amazon-emr
88,amazon-rds
89,amazon-rekognition
90,amazon-route53
91,amazon-s3
92,amazon-ses
93,amazon-silk
94,amazon-sns
95,amazon-sqs
96,amazon-web-services
97,amcharts
98,amcharts4
99,amp-html
100,amqp
101,anaconda
102,analytics
103,ancestor
104,anchor
105,andengine
106,android
107,android-4.0-ice-cream-sandwich
108,android-5.0-lollipop
109,android-6.0-marshmallow
110,android-8.0-oreo
111,android-actionbar
112,android-activity
113,android-adapter
114,android-alertdialog
115,android-animation
116,android-appbarlayout
117,android-arrayadapter
118,android-asynctask
119,android-broadcast
120,android-build
121,android-calendar
122,android-camera
123,android-cardview
124,android-collapsingtoolbarlayout
125,android-constraintlayout
126,android-context
127,android-custom-view
128,android-database
129,android-databinding
130,android-datepicker
131,android-design-library
132,android-drawable
133,android-edittext
134,android-emulator
135,android-espresso
136,android-file
137,android-fragmentactivity
138,android-fragments
139,android-gradle-plugin
140,android-gridview
141,android-image
142,android-intent
143,android-keystore
144,android-ksoap2
145,android-layout
146,android-library
147,android-listview
148,android-manifest
149,android-mapview
150,android-mediacodec
151,android-mediaplayer
152,android-multidex
153,android-ndk
154,android-notifications
155,android-orientation
156,android-permissions
157,android-popupwindow
158,android-progressbar
159,android-recyclerview
160,android-resources
161,android-room
162,android-sdcard
163,android-service
164,android-sharedpreferences
165,android-softkeyboard
166,android-source
167,android-sqlite
168,android-studio
169,android-support-library
170,android-syncadapter
171,android-tabactivity
172,android-tablelayout
173,android-tabs
174,android-textinputlayout
175,android-textwatcher
176,android-toolbar
177,android-vectordrawable
178,android-videoview
179,android-view
180,android-viewholder
181,android-viewpager
182,android-volley
183,android-webview
184,android-widget
185,androidx
186,angular
187,angular-bootstrap
188,angular-dart
189,angular-http-interceptors
190,angular-material
191,angular-material2
192,angular-promise
193,angular-reactive-forms
194,angular-route-segment
195,angular-routing
196,angular-services
197,angular-ui-bootstrap
198,angular-ui-grid
199,angular-ui-router
200,angular8
201,angularfire
202,angularfire2
203,angularjs
204,angularjs-directive
205,angularjs-ng-repeat
206,angularjs-scope
207,animation
208,annotations
209,anonymous-class
210,anorm
211,ansible
212,ansible-pull
213,ant
214,anti-patterns
215,antiforgerytoken
216,antlr
217,antlr4
218,anypoint-studio
219,aop
220,apache
221,apache-camel
222,apache-commons-fileupload
223,apache-commons-httpclient
224,apache-commons-net
225,apache-felix
226,apache-flex
227,apache-flink
228,apache-httpclient-4.x
229,apache-httpcomponents
230,apache-kafka
231,apache-nifi
232,apache-poi
233,apache-servicemix
234,apache-spark
235,apache-spark-dataset
236,apache-spark-sql
237,apache-storm
238,apache-zeppelin
239,apache-zookeeper
240,apache2
241,apc
242,apex
243,apex-code
244,api
245,apitron
246,apk
247,apollo-link-rest
248,app-config
249,appcelerator
250,append
251,appium
252,appium-ios
253,appkit
254,apple-developer
255,applescript
256,applet
257,application-settings
258,application-shutdown
259,apply
260,appstore-approval
261,aptana
262,aptana3
263,arcgis
264,architecture
265,arcore
266,arduino
267,argmax
268,argument-dependent-lookup
269,arkit
270,arm
271,arq
272,array-algorithms
273,array-key-exists
274,arraylist
275,arrays
276,artificial-intelligence
277,ascii
278,asio
279,asmx
280,asp-classic
281,asp.net
282,asp.net-ajax
283,asp.net-core
284,asp.net-core-2.0
285,asp.net-core-mvc
286,asp.net-core-mvc-2.0
287,asp.net-core-signalr
288,asp.net-core-webapi
289,asp.net-customcontrol
290,asp.net-identity
291,asp.net-mvc
292,asp.net-mvc-2
293,asp.net-mvc-3
294,asp.net-mvc-4
295,asp.net-mvc-5
296,asp.net-web-api
297,asp.net-web-api2
298,asp.net-webcontrol
299,asp.net-webpages
300,aspect-ratio
301,aspectj
302,asprepeater
303,aspxgridview
304,assembly
305,assert
306,assertj
307,asset-pipeline
308,assignment-operator
309,associations
310,async-await
311,asynchronous
312,asyncstorage
313,at-command
314,atlassian-sourcetree
315,atom-editor
316,atom-feed
317,attributes
318,audio
319,audio-streaming
320,audit
321,augmented-reality
322,aurora
323,auth0
324,authentication
325,authorization
326,auto
327,auto-increment
328,auto-populate
329,autocomplete
330,autoconf
331,autoencoder
332,autofac
333,autofilter
334,autofocus
335,autohotkey
336,autoit
337,autolayout
338,automapper
339,automapper-4
340,automated-tests
341,automatic-properties
342,automatic-ref-counting
343,automation
344,autoprefixer
345,autoscaling
346,autosys
347,autotools
348,autowired
349,avasset
350,average
351,avfoundation
352,awk
353,aws-api-gateway
354,aws-cli
355,aws-codebuild
356,aws-glue
357,aws-java-sdk
358,aws-lambda
359,aws-sdk
360,aws-security-group
361,aws-step-functions
362,awt
363,axapta
364,axios
365,axis
366,axis2
367,azure
368,azure-active-directory
369,azure-app-service-envrmnt
370,azure-blob-storage
371,azure-boards
372,azure-data-explorer
373,azure-databricks
374,azure-devops
375,azure-durable-functions
376,azure-functions
377,azure-keyvault
378,azure-mobile-services
379,azure-pipelines
380,azure-pipelines-build-task
381,azure-public-ip
382,azure-repos
383,azure-service-fabric
384,azure-sql-database
385,azure-storage
386,azure-storage-files
387,azure-virtual-network
388,azure-web-app-service
389,azure-web-roles
390,babel-6
391,babel-jest
392,babeljs
393,back
394,back-button
395,back4app
396,backbone-model
397,backbone-views
398,backbone.js
399,background
400,background-color
401,background-image
402,backup
403,bamboo
404,barcode
405,barcode-scanner
406,base64
407,baseadapter
408,bash
409,batch-file
410,bayesian
411,bayesian-networks
412,beacon
413,beanshell
414,beautifulsoup
415,behat
416,benchmarking
417,beta-testing
418,bibliography
419,bigcommerce
420,bigdata
421,bigdecimal
422,bigquery-standard-sql
423,billing
424,binary
425,binary-data
426,binary-search-tree
427,binary-tree
428,binaryfiles
429,bind
430,binding
431,bing-api
432,bioinformatics
433,birt
434,bitflags
435,bitmap
436,bits
437,bitset
438,black-box
439,blackberry
440,blackberry-jde
441,blackberry-simulator
442,blackberry-webworks
443,blas
444,blazor
445,blazor-server-side
446,blending
447,blob
448,block
449,blockchain.info-api
450,blogger
451,blogs
452,bloomberg
453,bluebird
454,blueprism
455,bluesnap
456,bluetooth
457,bluetooth-lowenergy
458,blur
459,bnlearn
460,bodymovin
461,bonjour
462,bookmarklet
463,booksleeve
464,boolean
465,boost
466,boost-asio
467,boost-filesystem
468,boost-geometry
469,boost-graph
470,boost-multi-index
471,boost-process
472,boost-thread
473,boot
474,boot2docker
475,bootstrap-4
476,bootstrap-modal
477,border
478,borderpane
479,botkit
480,boto3
481,bots
482,box
483,box-shadow
484,boxplot
485,braintree
486,branch
487,branch-prediction
488,breadcrumbs
489,breakpoints
490,breeze
491,brightcove
492,broadcastreceiver
493,browser
494,browser-cache
495,browserify
496,bucket
497,buffer
498,bufferedreader
499,bug-tracking
500,build
501,build-automation
502,build-process
503,build.gradle
504,builder
505,bulkinsert
506,bundle
507,bundler
508,bundling-and-minification
509,burp
510,business-intelligence
511,button
512,button-to
513,byte
514,byte-order-mark
515,bytecode
516,c
517,c#
518,c#-4.0
519,c#-6.0
520,c++
521,c++-cli
522,c++-cx
523,c++-tr2
524,c++11
525,c++14
526,c++17
527,c++98
528,c++builder
529,c-preprocessor
530,c11
531,c3.js
532,c99
533,cabasicanimation
534,caching
535,caesar-cipher
536,cakephp
537,cakephp-1.2
538,calayer
539,calculated-field
540,calendar
541,caliburn.micro
542,callback
543,callcc
544,camera
545,camera-calibration
546,canvas
547,capistrano
548,captcha
549,capybara
550,carousel
551,case-insensitive
552,cassandra
553,casting
554,castle-activerecord
555,catalina
556,cdi
557,cedar
558,celery
559,cell
560,centering
561,centos
562,centos6
563,centos7
564,certificate
565,cgaffinetransform
566,cgi
567,cgrect
568,chai
569,char
570,character
571,character-encoding
572,character-limit
573,chart.js
574,charts
575,checkbox
576,checkedlistbox
577,checkedtextview
578,checkin
579,checklistbox
580,checkstyle
581,chef-infra
582,chess
583,child-nodes
584,child-process
585,chrome-native-messaging
586,cidr
587,circuit-breaker
588,circular-dependency
589,ckeditor
590,claims-based-identity
591,clang
592,clang++
593,class
594,class-design
595,class-diagram
596,class-variables
597,classcastexception
598,classiejs
599,classification
600,classloader
601,classview
602,clearance
603,click
604,clickonce
605,client-server
606,client-side
607,clientid
608,cllocationmanager
609,clojure
610,clojurescript
611,clone
612,clos
613,closures
614,cloud
615,cloud-foundry
616,cloud9-ide
617,cloudant
618,clr
619,cmake
620,cmd
621,cmyk
622,cname
623,cncontact
624,cntk
625,cocoa
626,cocoa-touch
627,cocoalibspotify-2.0
628,cocoapods
629,cocos2d-html5
630,cocos2d-iphone
631,codable
632,code-access-security
633,code-completion
634,code-coverage
635,code-design
636,code-first
637,code-formatting
638,code-generation
639,code-organization
640,code-search-engine
641,code-structure
642,codeblocks
643,codeigniter
644,codeigniter-3
645,codeigniter-datamapper
646,codeigniter-routing
647,codenameone
648,codewarrior
649,coding-style
650,coffeescript
651,coldbox
652,coldfusion
653,coldfusion-11
654,collections
655,colorbox
656,colors
657,column-alias
658,com
659,com+
660,com-hell
661,com-interop
662,combobox
663,comma
664,command
665,command-line
666,command-line-interface
667,commandbar
668,commandbutton
669,comments
670,common-lisp
671,common.logging
672,compact-framework
673,comparable
674,comparator
675,compare
676,compareto
677,comparison
678,compass-sass
679,compilation
680,compiler-construction
681,compiler-errors
682,compiler-theory
683,complexity-theory
684,components
685,composer-php
686,composite-key
687,compound-key
688,compoundjs
689,compression
690,computability
691,computational-geometry
692,computer-science
693,computer-vision
694,concatenation
695,concurrency
696,concurrent.futures
697,conda
698,conditional
699,conditional-compilation
700,config
701,configuration
702,configuration-management
703,configure
704,confusion-matrix
705,connect
706,connection
707,connection-pooling
708,connectivity
709,console
710,console-application
711,constraints
712,constructor
713,contactscontract
714,contain
715,contao
716,content-security-policy
717,content-type
718,context-free-grammar
719,context-free-language
720,contextmanager
721,continuations
722,continuous-deployment
723,continuous-integration
724,contour
725,control-characters
726,controller
727,controls
728,conventions
729,convex-optimization
730,conways-game-of-life
731,cookies
732,coordinates
733,copy
734,cordova
735,cordova-3
736,cordova-plugin-file
737,cordova-plugins
738,core-animation
739,core-data
740,core-foundation
741,core-graphics
742,core-location
743,core-motion
744,core-plot
745,coreclr
746,cornerradius
747,coronasdk
748,correlation
749,cors
750,couchbase
751,couchdb
752,count
753,countdowntimer
754,counter
755,cppcheck
756,cpu-architecture
757,cql
758,cql3
759,cqrs
760,cqwp
761,crash
762,create-directory
763,criteria
764,criterion
765,crm
766,cron
767,crop
768,cross-browser
769,cross-compiling
770,cross-domain
771,cross-page-postback
772,cross-platform
773,crosstab
774,crosswalk
775,cruisecontrol
776,cruisecontrol.net
777,cryptographicexception
778,cryptography
779,crystal-reports
780,cscope
781,csh
782,csl
783,csrf
784,css
785,css-float
786,css-frameworks
787,css-grid
788,css-preprocessor
789,css-selectors
790,css-transforms
791,csv
792,ctags
793,ctypes
794,cub
795,cucumber
796,cucumber-jvm
797,cuda
798,curl
799,currency
800,curses
801,cursor
802,curve-fitting
803,custom-action
804,custom-controls
805,custom-domain
806,custom-errors
807,custom-fields
808,custom-wordpress-pages
809,customization
810,customtaskpane
811,cvs
812,cvsnt
813,cx-oracle
814,cxf
815,cyanogenmod
816,cytoscape.js
817,d
818,d3.js
819,dac
820,daemon
821,dao
822,dart
823,dart-webui
824,darwin
825,dashboard
826,dashing
827,data-access-layer
828,data-binding
829,data-controls
830,data-generation
831,data-migration
832,data-protection
833,data-security
834,data-structures
835,data-transfer
836,data-visualization
837,data.table
838,database
839,database-backups
840,database-connection
841,database-deadlocks
842,database-design
843,database-schema
844,datacontext
845,datacontract
846,dataframe
847,datagrid
848,datagridviewcombobox
849,datagridviewimagecolumn
850,datamapper
851,datamember
852,datapager
853,datareader
854,datarepeater
855,dataset
856,datasource
857,datatable
858,datatables
859,datatables-1.10
860,dataweave
861,date
862,date-comparison
863,date-conversion
864,datediff
865,datepicker
866,datetime
867,dax
868,db2
869,dcom
870,debian
871,debounce
872,debugging
873,decimal
874,decimalformat
875,declare-styleable
876,decrement
877,deep-copy
878,deep-learning
879,deep-linking
880,defensive-programming
881,definition
882,delayed-job
883,delegates
884,delete-operator
885,delimited-text
886,delimiter
887,delphi
888,delphi-xe2
889,delphi-xe7
890,dependencies
891,dependency-properties
892,deployment
893,dereference
894,des
895,design-patterns
896,desktop
897,desktop-application
898,destroy
899,detail
900,details
901,detection
902,dev-c++
903,developer-machine
904,developer-tools
905,devextreme
906,device
907,device-manager
908,devise
909,devops
910,diagram
911,dialog
912,dictionary
913,digest-authentication
914,digit
915,digital-ocean
916,digital-signature
917,digits
918,directory
919,directory-structure
920,directshow
921,directx
922,disassembly
923,discord-jda
924,discriminated-union
925,disk
926,disk-partitioning
927,diskspace
928,dispatch-queue
929,dispatchevent
930,dispose
931,distinct
932,distributed
933,distributed-computing
934,divide
935,divide-and-conquer
936,django
937,django-admin
938,django-cms
939,django-compressor
940,django-forms
941,django-i18n
942,django-models
943,django-orm
944,django-queryset
945,django-rest-framework
946,django-rest-framework-simplejwt
947,django-settings
948,django-templates
949,django-urls
950,django-validation
951,django-views
952,dll
953,dns
954,docker
955,docker-build
956,docker-compose
957,dockerfile
958,doctrine
959,doctrine-orm
960,document-body
961,documentation
962,documentum
963,docx
964,dojo
965,dom
966,dom-events
967,domainservices
968,domparser
969,domxpath
970,dongle
971,dos
972,dot-emacs
973,dotcover
974,dotnetnuke
975,dotnetopenauth
976,double
977,double-quotes
978,doubly-linked-list
979,download
980,dpkt
981,dplyr
982,drag
983,drag-and-drop
984,dragdealer-js
985,draw
986,drawable
987,drawerlayout
988,drawrect
989,driver
990,drools
991,drop-down-menu
992,dropbox-api
993,dropdownchoice
994,drupal
995,drupal-7
996,drupal-8
997,drupal-modules
998,drupal-webform
999,dry
1000,dsl
1001,dspace
1002,dspack
1003,dt
1004,dtd
1005,dto
1006,dto-mapping
1007,dtrace
1008,dtruss
1009,duplicates
1010,dwolla
1011,dynamic
1012,dynamic-assemblies
1013,dynamic-binding
1014,dynamic-data
1015,dynamic-library
1016,dynamic-loading
1017,dynamic-programming
1018,dynamic-properties
1019,dynamically-generated
1020,dynamics-ax-2012-r2
1021,dynamics-crm
1022,dynamics-crm-2011
1023,dynamics-crm-4
1024,each
1025,eager-loading
1026,ec2-api-tools
1027,eclipse
1028,eclipse-emf-ecore
1029,eclipse-plugin
1030,eclipse-rap
1031,eclipse-rcp
1032,ecmascript-5
1033,ecmascript-6
1034,edi
1035,edifact
1036,edit
1037,editor
1038,edmx
1039,edward
1040,ef-code-first
1041,ef-core-2.2
1042,ef-core-3.0
1043,ef-model-first
1044,ejb
1045,ejs
1046,el
1047,elapsedtime
1048,elasticsearch
1049,electron
1050,electron-builder
1051,element-ui
1052,elementtree
1053,elevated-privileges
1054,elixir
1055,eloquent
1056,emacs
1057,emacs23
1058,emacsclient
1059,email
1060,email-ext
1061,email-integration
1062,embed
1063,embedded
1064,embedded-jetty
1065,embedding
1066,ember-data
1067,ember.js
1068,emblem.js
1069,emoji
1070,emr
1071,encapsulation
1072,encode
1073,encoding
1074,encryption
1075,end-tag
1076,endpoint
1077,enterprise-guide
1078,entity
1079,entity-attribute-value
1080,entity-framework
1081,entity-framework-4
1082,entity-framework-4.1
1083,entity-framework-5
1084,entity-framework-6
1085,entity-framework-6.1
1086,entity-framework-core
1087,entity-framework-migrations
1088,entitygraph
1089,entitymanager
1090,enumdropdownlistfor
1091,enumerate
1092,enums
1093,env
1094,environment
1095,environment-variables
1096,envoyproxy
1097,enzyme
1098,equals
1099,equation
1100,equation-solving
1101,equivalence-classes
1102,equivalent
1103,erlang
1104,error-handling
1105,errorplacement
1106,eruby
1107,es6-promise
1108,escaping
1109,esp8266
1110,espn
1111,estimation
1112,etcd
1113,ethereum
1114,etl
1115,euclidean-distance
1116,eval
1117,event-handling
1118,event-listener
1119,event-log
1120,event-loop
1121,eventemitter
1122,events
1123,excel
1124,excel-2007
1125,excel-2011
1126,excel-2013
1127,excel-formula
1128,excel-interop
1129,excel-match
1130,exception
1131,exception-handling
1132,exe
1133,executable
1134,executescalar
1135,execution
1136,exif
1137,exists
1138,expand
1139,expandablelistadapter
1140,expandablelistview
1141,experimental-design
1142,explode
1143,exponentiation
1144,export
1145,export-to-excel
1146,express
1147,expression-blend
1148,extend
1149,extends
1150,extendscript
1151,extension-methods
1152,extern
1153,extjs
1154,extjs4
1155,extract
1156,exuberant-ctags
1157,f#
1158,face-recognition
1159,facebook
1160,facebook-apps
1161,facebook-canvas
1162,facebook-graph-api
1163,facebook-ios-sdk
1164,facebook-like
1165,facebook-login
1166,facebook-php-sdk
1167,facebook-stream-story
1168,fadein
1169,fail2ban
1170,falconframework
1171,famo.us
1172,fancybox-2
1173,fann
1174,farsi
1175,fasttext
1176,fat-free-framework
1177,fatal-error
1178,favicon
1179,feathersjs
1180,feature-driven
1181,feature-engineering
1182,fedora
1183,feed
1184,feedzirra
1185,fetch
1186,fetch-api
1187,ffmpeg
1188,fft
1189,fgets
1190,fiddler
1191,field
1192,figure
1193,file
1194,file-get-contents
1195,file-io
1196,file-not-found
1197,file-processing
1198,file-sharing
1199,file-upload
1200,filehelpers
1201,filemaker
1202,filenames
1203,filenotfoundexception
1204,filepath
1205,filereader
1206,filesystems
1207,filewriter
1208,fill
1209,filter
1210,filtering
1211,find
1212,fine-uploader
1213,firebase
1214,firebase-authentication
1215,firebase-cloud-messaging
1216,firebase-realtime-database
1217,firebase-storage
1218,firebird
1219,firefox
1220,firefox-addon
1221,firefox-marionette
1222,firewall
1223,fiware
1224,fiware-orion
1225,fiware-wilma
1226,fix-protocol
1227,fixtures
1228,flags
1229,flanneld
1230,flash
1231,flashlight
1232,flask
1233,flattr
1234,flex3
1235,flex4
1236,flex4.5
1237,flexbox
1238,flexbuilder
1239,flexslider
1240,flip
1241,floating-point
1242,flowplayer
1243,fluid
1244,fluid-images
1245,fluid-layout
1246,flutter
1247,fmdb
1248,focus
1249,focusin
1250,font-awesome-5
1251,font-face
1252,font-size
1253,fonts
1254,for-loop
1255,force-layout
1256,foreach
1257,foreign-key-relationship
1258,foreign-keys
1259,forex
1260,fork-join
1261,form-helpers
1262,form-submit
1263,format
1264,formatting
1265,forms
1266,forms-authentication
1267,formula
1268,formview
1269,fortran
1270,forwarding
1271,fosuserbundle
1272,foursquare
1273,fragmentmanager
1274,frameworks
1275,free-jqgrid
1276,freemarker
1277,freeze
1278,friend
1279,frontend
1280,fs
1281,fsunit
1282,ftp
1283,full-text-search
1284,fullcalendar
1285,function
1286,function-composition
1287,function-pointers
1288,functional-programming
1289,functional-testing
1290,fuzzy-search
1291,fxruby
1292,g++
1293,gadfly
1294,gae-search
1295,gallery
1296,game-center-leaderboard
1297,game-development
1298,game-physics
1299,gamekit
1300,garbage-collection
1301,garnet-os
1302,gatling
1303,gaussianblur
1304,gcc
1305,gd
1306,gdb
1307,gdi+
1308,gecko
1309,gem
1310,gemfile
1311,generator
1312,generic-function
1313,generic-programming
1314,generics
1315,genetic-algorithm
1316,geo
1317,geocoding
1318,geofire
1319,geolocation
1320,geometry
1321,geoserver
1322,geospatial
1323,gephi
1324,gerrit
1325,gesture
1326,gesture-recognition
1327,get
1328,get-meta-tags
1329,getdate
1330,getelementsbyname
1331,getline
1332,getter
1333,ggplot2
1334,ggplotly
1335,gif
1336,gis
1337,git
1338,git-bash
1339,git-config
1340,git-flow
1341,git-push
1342,git-revert
1343,git-stash
1344,git-tag
1345,github
1346,github-api
1347,github-for-mac
1348,github-for-windows
1349,gitlab
1350,gitlab-ci
1351,gitlab-ci-runner
1352,glassfish
1353,glew
1354,glibc
1355,glimpse
1356,glob
1357,global-variables
1358,globalization
1359,gltf
1360,gm
1361,gnat-gps
1362,gnu-parallel
1363,gnuplot
1364,go
1365,go-templates
1366,gojs
1367,google-ads-api
1368,google-analytics
1369,google-analytics-api
1370,google-api
1371,google-api-php-client
1372,google-api-python-client
1373,google-app-engine
1374,google-apps-script
1375,google-bigquery
1376,google-chrome
1377,google-chrome-app
1378,google-chrome-devtools
1379,google-chrome-extension
1380,google-cloud-build
1381,google-cloud-datalab
1382,google-cloud-dataproc
1383,google-cloud-datastore
1384,google-cloud-endpoints
1385,google-cloud-firestore
1386,google-cloud-functions
1387,google-cloud-kms
1388,google-cloud-messaging
1389,google-cloud-platform
1390,google-code
1391,google-compute-engine
1392,google-distancematrix-api
1393,google-docs
1394,google-drive-api
1395,google-forms
1396,google-glass
1397,google-maps
1398,google-maps-android-api-2
1399,google-maps-api-3
1400,google-maps-markers
1401,google-mirror-api
1402,google-places-api
1403,google-play
1404,google-play-games
1405,google-play-services
1406,google-sheets
1407,google-sheets-api
1408,google-tasks-api
1409,google-visualization
1410,google-webmaster-tools
1411,googlebot
1412,googlemock
1413,googletest
1414,gorm
1415,gps
1416,gpu
1417,gradient
1418,gradle
1419,gradle-tooling-api
1420,grafana
1421,grails
1422,grails-validation
1423,grails3
1424,grand-central-dispatch
1425,graph
1426,graph-databases
1427,graphics
1428,graphicsmagick
1429,graphml
1430,graphql
1431,graphql-java
1432,graphql-java-tools
1433,greasemonkey
1434,greatest-n-per-group
1435,gremlin
1436,grep
1437,grid
1438,gridex
1439,gridview
1440,groovy
1441,group-by
1442,grouping
1443,grpc
1444,grunt-concurrent
1445,gruntjs
1446,gsap
1447,gsm
1448,gson
1449,gssapi
1450,gst-launch
1451,gstreamer
1452,gtk
1453,guice
1454,guid
1455,gulp
1456,gunicorn
1457,guzzle
1458,gwt
1459,gwt-tablayoutpanel
1460,gxt
1461,gzip
1462,h2o
1463,hadoop
1464,hadoop-streaming
1465,haml
1466,handle
1467,handlebars.js
1468,handler
1469,hangfire
1470,has-many-through
1471,hash
1472,hashlib
1473,hashmap
1474,hashtable
1475,hashtag
1476,haskell
1477,haskell-stack
1478,hazelcast
1479,hbase
1480,hdfs
1481,header
1482,header-files
1483,healthkit
1484,heap
1485,heapsort
1486,heroku
1487,hex
1488,hex-editors
1489,hibernate
1490,hibernate-envers
1491,hibernate-jpa
1492,hibernate-mapping
1493,hidden
1494,hide
1495,hiera
1496,hierarchical-clustering
1497,hierarchy
1498,high-resolution
1499,highcharts
1500,highcharts-ng
1501,highstock
1502,hiphop
1503,histogram
1504,hive
1505,hl7
1506,hl7-fhir
1507,homebrew
1508,hook
1509,hosting
1510,hostname
1511,hover
1512,hp-quality-center
1513,href
1514,html
1515,html-email
1516,html-helper
1517,html-lists
1518,html-parsing
1519,html-select
1520,html-table
1521,html5-audio
1522,html5-canvas
1523,html5-video
1524,htmlunit
1525,http
1526,http-headers
1527,http-post
1528,http-status-code-301
1529,http-status-code-404
1530,http-streaming
1531,httparty
1532,httpclient
1533,httppostedfilebase
1534,httprequest
1535,https
1536,httpsession
1537,httpurlconnection
1538,httpverbs
1539,hugsql
1540,hybrid
1541,hybrid-mobile-app
1542,hyper-v
1543,hyperledger-composer
1544,hyperledger-fabric
1545,hyperlink
1546,hystrix
1547,i18next
1548,iar
1549,ibeacon
1550,ibm-cloud-infrastructure
1551,ibm-midrange
1552,ibm-mq
1553,ibm-watson
1554,icefaces
1555,icefaces-1.8
1556,icollectionview
1557,icomparer
1558,icons
1559,ide
1560,identicon
1561,identity
1562,identityserver3
1563,identityserver4
1564,idhttp
1565,idisposable
1566,idml
1567,ieee-754
1568,if-statement
1569,iframe
1570,ignite
1571,ignore
1572,igraph
1573,iis
1574,iis-6
1575,iis-7
1576,iis-7.5
1577,illegalstateexception
1578,image
1579,image-file
1580,image-manipulation
1581,image-processing
1582,image-resizing
1583,image-rotation
1584,image-scaling
1585,image-uploading
1586,imagemagick
1587,imageresizer
1588,imageview
1589,imagick
1590,immediate-window
1591,immutability
1592,impala
1593,implicits
1594,import
1595,imx7
1596,in-app-billing
1597,in-app-purchase
1598,include
1599,include-path
1600,increment
1601,index-error
1602,indexing
1603,indexoutofrangeexception
1604,indy
1605,inertiajs
1606,inference
1607,infinispan
1608,infinite-loop
1609,influxdb
1610,infopath
1611,inheritance
1612,initialization
1613,initializer-list
1614,inline-assembly
1615,inno-setup
1616,input
1617,insert
1618,insertion-sort
1619,instagram
1620,instagram-api
1621,install4j
1622,installation
1623,installed-applications
1624,installshield
1625,instance
1626,instantiation
1627,instructions
1628,int
1629,integration
1630,integration-testing
1631,intel-fortran
1632,intellij-idea
1633,intellisense
1634,interceptor
1635,interface
1636,internal-server-error
1637,internal-storage
1638,internationalization
1639,internet-connection
1640,internet-explorer
1641,internet-explorer-11
1642,internet-explorer-6
1643,internet-explorer-7
1644,internet-explorer-8
1645,intero
1646,interop
1647,interpolation
1648,interpreter
1649,interrupt
1650,intersection
1651,intervals
1652,invoke
1653,io
1654,ionic
1655,ionic-framework
1656,ionic2
1657,ionic3
1658,ionicons
1659,ios
1660,ios-extensions
1661,ios10
1662,ios13
1663,ios4
1664,ios5
1665,ios6
1666,ios7
1667,ios8
1668,ios9
1669,iostream
1670,iot
1671,ip-address
1672,ipa
1673,ipad
1674,ipc
1675,ipcopen3
1676,iperf
1677,iphone
1678,iphone-4
1679,iphone-x
1680,ipsec
1681,ipv6
1682,isnull
1683,iso
1684,iso8601
1685,isolation-level
1686,isometric
1687,isomorphic-javascript
1688,itemscontrol
1689,iterable-unpacking
1690,iteration
1691,iterator
1692,itext
1693,itext7
1694,itk
1695,itunes
1696,j-security-check
1697,jaas
1698,jackrabbit
1699,jackson
1700,jagged-arrays
1701,jakarta-ee
1702,jakarta-mail
1703,janus
1704,jar
1705,jasmine
1706,java
1707,java-10
1708,java-3d
1709,java-7
1710,java-8
1711,java-9
1712,java-ee-7
1713,java-me
1714,java-native-interface
1715,java-stream
1716,java.util.concurrent
1717,java.util.scanner
1718,javabeans
1719,javacard
1720,javadoc
1721,javafx
1722,javafx-8
1723,javascript
1724,javascript-debugger
1725,javascript-events
1726,javascript-objects
1727,javaw
1728,jax-rs
1729,jax-ws
1730,jaxb
1731,jboss
1732,jboss-weld
1733,jconsole
1734,jdbc
1735,jdeveloper
1736,jdk1.6
1737,jdo
1738,jekyll
1739,jelastic
1740,jelly
1741,jena
1742,jenkins
1743,jenkins-cli
1744,jenkins-email-ext
1745,jenkins-job-builder
1746,jenkins-pipeline
1747,jenkins-plugins
1748,jestjs
1749,jetty
1750,jetty-8
1751,jformattedtextfield
1752,jframe
1753,jfreechart
1754,jfugue
1755,jgit
1756,jhat
1757,jil
1758,jira
1759,jira-plugin
1760,jlabel
1761,jlist
1762,jmenu
1763,jmenubar
1764,jmeter
1765,jms
1766,job-scheduling
1767,jodatime
1768,jogl
1769,join
1770,joomla
1771,joptionpane
1772,jpa
1773,jpa-2.0
1774,jpeg
1775,jplayer
1776,jplist
1777,jprofiler
1778,jqgrid
1779,jqmodal
1780,jqplot
1781,jquery
1782,jquery-1.9
1783,jquery-animate
1784,jquery-chosen
1785,jquery-countdown
1786,jquery-cycle
1787,jquery-data
1788,jquery-easing
1789,jquery-effects
1790,jquery-file-upload
1791,jquery-form-validator
1792,jquery-isotope
1793,jquery-masonry
1794,jquery-mobile
1795,jquery-plugins
1796,jquery-select2
1797,jquery-tools
1798,jquery-ui
1799,jquery-ui-autocomplete
1800,jquery-ui-datepicker
1801,jquery-ui-draggable
1802,jquery-ui-sortable
1803,jquery-validate
1804,jqwidget
1805,jruby
1806,jscrollpane
1807,jsf
1808,jsf-2
1809,jsfiddle
1810,jshint
1811,json
1812,json-deserialization
1813,json-schema-validator
1814,json.net
1815,jsonp
1816,jsonresponse
1817,jsonschema
1818,jsonschema2pojo
1819,jsoup
1820,jsp
1821,jsp-tags
1822,jstl
1823,jsx
1824,jta
1825,jtree
1826,julia
1827,junit
1828,junit5
1829,jupyter
1830,jvisualvm
1831,jvm
1832,jvm-hotspot
1833,jwt
1834,jython
1835,jython-2.7
1836,kaa
1837,kaazing
1838,kable
1839,kableextra
1840,kadanes-algorithm
1841,kalman-filter
1842,karma-jasmine
1843,katalon-recorder
1844,kdb
1845,kendo-ui
1846,kentico
1847,keras
1848,keras-layer
1849,kerberos
1850,kernel
1851,kernlab
1852,kettle
1853,key
1854,key-management
1855,keyboard
1856,keyboard-events
1857,keyboard-shortcuts
1858,keyevent
1859,keylistener
1860,keypress
1861,keystore
1862,keytool
1863,keyvaluepair
1864,keyword-argument
1865,keyword-search
1866,kie
1867,kie-server
1868,kie-wb
1869,kie-workbench
1870,kill
1871,kimono
1872,kindle
1873,kindle-fire
1874,kirby
1875,kivy
1876,kivy-language
1877,knitr
1878,knockout.js
1879,koa
1880,koa2
1881,kohana
1882,kohana-3
1883,kotlin
1884,kotlin-js-interop
1885,kql
1886,ksh
1887,ksoap2
1888,kubectl
1889,kubernetes
1890,kubernetes-secrets
1891,kudu
1892,kvm
1893,label
1894,labels
1895,lag
1896,lambda
1897,language-agnostic
1898,language-lawyer
1899,language-theory
1900,laravel
1901,laravel-4
1902,laravel-5
1903,laravel-5.1
1904,laravel-5.2
1905,laravel-5.3
1906,laravel-5.5
1907,laravel-5.7
1908,laravel-5.8
1909,laravel-6
1910,laravel-pagination
1911,laravel-passport
1912,large-data
1913,large-files
1914,latency
1915,latex
1916,latitude-longitude
1917,lattice
1918,launch
1919,layout
1920,layoutparams
1921,lazy-evaluation
1922,lazy-high-charts
1923,lazy-loading
1924,lazy-sequences
1925,lcd
1926,ldap
1927,leaflet
1928,legend
1929,less
1930,less-unix
1931,lets-encrypt
1932,letters-and-numbers
1933,levenshtein-distance
1934,libcloud
1935,libgcc
1936,libgdx
1937,libgosu
1938,libjpeg
1939,libnet
1940,libspotify
1941,libvirt
1942,licensing
1943,lifecycle
1944,liferay
1945,liferay-7.1
1946,light-scattering
1947,lightbox
1948,lightwindow
1949,limit
1950,limits
1951,line-breaks
1952,linear-discriminant
1953,linear-programming
1954,lines
1955,linked-list
1956,linkedin
1957,linker
1958,linker-errors
1959,linq
1960,linq-to-entities
1961,linq-to-objects
1962,linq-to-sql
1963,linux
1964,linux-kernel
1965,liquid
1966,lisp
1967,list
1968,list-comprehension
1969,listadapter
1970,listbox
1971,listview
1972,listview-adapter
1973,live-streaming
1974,live-wallpaper
1975,livesearch
1976,ll
1977,lldb
1978,lnk2001
1979,lnk2005
1980,lnk2019
1981,load
1982,loaded
1983,loader
1984,local
1985,local-storage
1986,localdb
1987,locale
1988,localhost
1989,localization
1990,localtime
1991,location
1992,locked-files
1993,locking
1994,log4j
1995,log4j2
1996,log4net
1997,log4net-configuration
1998,logfile-analysis
1999,logging
2000,logic
2001,login
2002,logistic-regression
2003,logstash
2004,logstash-grok
2005,long-integer
2006,long-polling
2007,lookup
2008,loopbackjs
2009,loops
2010,lottie
2011,lowercase
2012,lpsolve
2013,lru
2014,ls
2015,lsof
2016,lte
2017,lua
2018,lubridate
2019,lucene
2020,lumen
2021,lwjgl
2022,lwuit
2023,lxml
2024,m
2025,m2e
2026,m2eclipse
2027,mac-address
2028,machine-instruction
2029,machine-learning
2030,macos
2031,macos-carbon
2032,macros
2033,magento
2034,magento-1.4
2035,magento-1.7
2036,magento2
2037,mailer
2038,mailgun
2039,mailto
2040,mainframe
2041,makefile
2042,malloc
2043,mamp
2044,many-to-many
2045,map
2046,mapbox
2047,mapbox-gl-js
2048,mapi
2049,mapply
2050,mapreduce
2051,marathon
2052,margin
2053,margins
2054,mariadb
2055,markdown
2056,marklogic
2057,markup
2058,masonry
2059,match
2060,matcher
2061,material-components-android
2062,material-design
2063,material-design-in-xaml
2064,material-ui
2065,materialize
2066,math
2067,mathematical-optimization
2068,matlab
2069,matlab-compiler
2070,matlab-engine
2071,matlab-figure
2072,matlabcontrol
2073,matplotlib
2074,matplotlib-basemap
2075,matrix
2076,maven
2077,maven-2
2078,maven-3
2079,maven-failsafe-plugin
2080,maven-metadata
2081,maven-plugin
2082,maven-surefire-plugin
2083,max
2084,max-heap
2085,maximo
2086,maxlength
2087,maxscript
2088,maze
2089,mbr
2090,mcpl
2091,mcrypt
2092,mdns
2093,mdx
2094,mean-stack
2095,media
2096,media-player
2097,media-queries
2098,media-source
2099,mediawiki
2100,member
2101,membership
2102,memcached
2103,memcpy
2104,memory
2105,memory-efficient
2106,memory-leaks
2107,memory-management
2108,mendeley
2109,menu
2110,menubar
2111,mercurial
2112,merge
2113,mergesort
2114,mesos
2115,message
2116,metadata
2117,metal
2118,metamodel
2119,metaprogramming
2120,meteor
2121,meteor-blaze
2122,method-modifier
2123,methods
2124,metrowerks
2125,mex
2126,mfc
2127,mfmailcomposer
2128,microcontroller
2129,microsoft-dynamics
2130,microsoft-graph-api
2131,microsoft-metro
2132,midi
2133,migrate
2134,migration
2135,min-heap
2136,minify
2137,minimum
2138,minitest
2139,mirage
2140,mismatch
2141,mkannotationview
2142,mkmapview
2143,mlcp
2144,mobile
2145,mobile-application
2146,mocha.js
2147,mocking
2148,mockito
2149,mockwebserver
2150,mod-rewrite
2151,mod-wsgi
2152,modal-dialog
2153,model
2154,model-associations
2155,model-binding
2156,model-checking
2157,model-validation
2158,model-view-controller
2159,models
2160,modern-ui
2161,modularity
2162,module
2163,modulus
2164,mojarra
2165,monetdb
2166,mongodb
2167,mongodb-java
2168,mongodb-php
2169,mongodb-query
2170,mongodb-replica-set
2171,mongoid
2172,mongoid3
2173,mongoimport
2174,mongoose
2175,mongoose-populate
2176,mongoose-schema
2177,moniker
2178,monkeypatching
2179,mono
2180,monodevelop
2181,monomac
2182,moodle
2183,moodle-api
2184,morphic
2185,mosh
2186,mosquitto
2187,moss
2188,motion-detection
2189,mount
2190,mouse
2191,mouseevent
2192,mouselistener
2193,move
2194,move-semantics
2195,mp3
2196,mp4
2197,mpeg
2198,mpi
2199,mpmediapickercontroller
2200,mpmovieplayercontroller
2201,mql4
2202,mql5
2203,mqtt
2204,ms-access
2205,ms-access-2010
2206,ms-access-2013
2207,ms-access-2016
2208,ms-office
2209,ms-project
2210,ms-word
2211,msbuild
2212,mschart
2213,msde
2214,msg
2215,msmq
2216,mstest
2217,msys2
2218,mt4
2219,mui-datatable
2220,mule
2221,mule-studio
2222,multi-select
2223,multi-tenant
2224,multi-touch
2225,multicast
2226,multidimensional-array
2227,multilingual
2228,multiple-inheritance
2229,multiprocess
2230,multiprocessing
2231,multistage
2232,multithreading
2233,mustache
2234,mutate
2235,mutation
2236,mvc-editor-templates
2237,mvvm
2238,mvvm-foundation
2239,mvvmcross
2240,mxnet
2241,mybatis
2242,mylyn
2243,mysql
2244,mysql-connector
2245,mysql-odbc-connector
2246,mysql-workbench
2247,mysql2
2248,mysqldump
2249,mysqli
2250,naivebayes
2251,nameerror
2252,namenode
2253,namespaces
2254,naming
2255,naming-conventions
2256,nant
2257,nat
2258,native
2259,native-web-component
2260,naudio
2261,navigateurl
2262,navigation
2263,navigation-drawer
2264,navigationitem
2265,ncurses
2266,negative-number
2267,neo4j
2268,neo4j-ogm
2269,nested
2270,nested-loops
2271,nested-routes
2272,nested-transactions
2273,nestedscrollview
2274,nestjs
2275,netbeans
2276,netbeans7.0
2277,netty
2278,network-programming
2279,network-protocols
2280,networking
2281,neural-network
2282,newline
2283,newtype
2284,next.js
2285,nextflow
2286,nexus
2287,nexus-5
2288,nfs
2289,nfsclient
2290,ng-class
2291,ng-hide
2292,ng-repeat
2293,ngdoc
2294,nginx
2295,ngrx
2296,nhibernate
2297,nightwatch.js
2298,nio
2299,nitrousio
2300,nlp
2301,nltk
2302,node-request
2303,node-webkit
2304,node.js
2305,nodelist
2306,nodemon
2307,nodes
2308,noflo
2309,nokogiri
2310,nosql
2311,nothing
2312,notifications
2313,npm
2314,npm-install
2315,nsarray
2316,nsdate
2317,nsdateformatter
2318,nsdictionary
2319,nsfetchedresultscontroller
2320,nsfetchrequest
2321,nsis
2322,nsjsonserialization
2323,nslayoutconstraint
2324,nslookup
2325,nsmanagedobject
2326,nsmutableurlrequest
2327,nsnotifications
2328,nspredicate
2329,nsstring
2330,nstableview
2331,nstextview
2332,nsurlsession
2333,nsuserdefaults
2334,nsusernotification
2335,nsusernotificationcenter
2336,nsxmlparser
2337,nsxpcconnection
2338,nuget
2339,nuget-package
2340,
2341,nullpointerexception
2342,number-formatting
2343,number-theory
2344,numberformatter
2345,numbers
2346,numerical
2347,numerical-analysis
2348,numerical-methods
2349,numpy
2350,nuxt.js
2351,nvidia
2352,oauth
2353,oauth-2.0
2354,obfuscation
2355,object
2356,object-detection
2357,object-detection-api
2358,objective-c
2359,objective-c-blocks
2360,observable
2361,observablecollection
2362,observer-pattern
2363,ocaml
2364,ocmock
2365,ocr
2366,ocsigen
2367,octal
2368,octave
2369,octopus-deploy
2370,ocx
2371,odbc
2372,office-interop
2373,office365
2374,offline
2375,okhttp
2376,olap
2377,ole
2378,oledb
2379,oledbconnection
2380,oledbdatareader
2381,oltp
2382,omniauth
2383,omnifaces
2384,onactivityresult
2385,onchange
2386,onclick
2387,oncreate
2388,ondraw
2389,one-to-many
2390,onfocus
2391,onitemclicklistener
2392,onsen-ui
2393,ontouchlistener
2394,oop
2395,opayo
2396,opc
2397,opcache
2398,open-source
2399,openai-gym
2400,openal
2401,openapi
2402,openblas
2403,opencart
2404,opencart2.x
2405,opencl
2406,opencmis
2407,opencms
2408,opencv
2409,opencv3.0
2410,opendatabase
2411,openfaas
2412,opengl
2413,opengl-3
2414,opengl-es
2415,opengl-es-2.0
2416,openid
2417,openid-connect
2418,openlayers
2419,openmp
2420,openrowset
2421,openshift
2422,openshift-nextgen
2423,openssl
2424,openstreetmap
2425,openvpn
2426,openxml
2427,operating-system
2428,operator-overloading
2429,optimization
2430,option
2431,optionmenu
2432,ora-00942
2433,oracle
2434,oracle-apex
2435,oracle-apex-5
2436,oracle-maf
2437,oracle10g
2438,oracle11g
2439,oracle12c
2440,orchardcms
2441,orientation
2442,orientdb
2443,orika
2444,orm
2445,ormlite-servicestack
2446,os.walk
2447,osgi
2448,osgi-bundle
2449,osx-elcapitan
2450,osx-leopard
2451,osx-mavericks
2452,otp
2453,outliers
2454,outlook
2455,outlook-2007
2456,outlook-addin
2457,outofrangeexception
2458,overflow
2459,overlap
2460,overlay
2461,overloading
2462,overriding
2463,owin
2464,owl-carousel
2465,owl-carousel-2
2466,p4v
2467,package
2468,packaging
2469,packer
2470,pagination
2471,palette
2472,palm-os
2473,pandas
2474,paperclip
2475,parallax
2476,parallax.js
2477,parallel-processing
2478,parameter-passing
2479,parameters
2480,paramiko
2481,params
2482,parcelable
2483,parent-child
2484,parse-platform
2485,parse-url
2486,parsing
2487,partial-methods
2488,partition
2489,pascal
2490,pass-by-reference
2491,pass-by-value
2492,passenger
2493,passport.js
2494,password-encryption
2495,password-protection
2496,passwords
2497,patch
2498,path
2499,pattern-recognition
2500,pause
2501,payment-gateway
2502,paypal
2503,paypal-ipn
2504,pca
2505,pdcurses
2506,pde
2507,pdf
2508,pdf-form
2509,pdf-generation
2510,pdf-viewer
2511,pdfsharp
2512,pdo
2513,peg
2514,pentaho
2515,pep
2516,perceptron
2517,perfect-hash
2518,perforce
2519,performance
2520,performance-testing
2521,perl
2522,perl-data-structures
2523,perl-module
2524,perl-packager
2525,permissions
2526,permutation
2527,persistent-volumes
2528,pessimistic-locking
2529,petapoco
2530,phalcon
2531,pharo
2532,phaser-framework
2533,phone-number
2534,phonegap
2535,phonegap-build
2536,photos
2537,php
2538,php-5.5
2539,php-5.6
2540,php-7
2541,phpbb
2542,phpdocx
2543,phpexcel
2544,phpmailer
2545,phpmyadmin
2546,phpseclib
2547,phpstorm
2548,phpunit
2549,phusion
2550,physx
2551,pic
2552,pickle
2553,picturebox
2554,picturefill
2555,pik
2556,pinch
2557,ping
2558,pinvoke
2559,pip
2560,pipe
2561,pipeline
2562,pivot-table
2563,pixate
2564,pjsip
2565,pkcs#12
2566,pkg-config
2567,placeholder
2568,playback
2569,playframework
2570,playframework-2.0
2571,playframework-2.1
2572,playing-cards
2573,playn
2574,plesk
2575,plexus
2576,plist
2577,plone
2578,plot
2579,plotly
2580,plotly-dash
2581,plotly-python
2582,plsql
2583,plugins
2584,png
2585,podspec
2586,poedit
2587,pointers
2588,poker
2589,polymer
2590,polymer-1.0
2591,polymer-starter-kit
2592,pom.xml
2593,pool
2594,pooling
2595,popup
2596,popupwindow
2597,popviewcontroller
2598,port
2599,portability
2600,portforwarding
2601,position
2602,positioning
2603,posix
2604,post
2605,post-build
2606,post-increment
2607,postback
2608,postgis
2609,postgresql
2610,postgresql-11
2611,postgresql-9.3
2612,postman
2613,postman-collection-runner
2614,powerbi
2615,powerbi-datasource
2616,powercli
2617,powerpc
2618,powerpoint
2619,powershell
2620,powershell-2.0
2621,powershell-3.0
2622,powershell-4.0
2623,pp-perl-par-packager
2624,ppapi
2625,ppl
2626,prc-tools
2627,pre-increment
2628,precision
2629,precompiled-headers
2630,preg-match
2631,preg-replace
2632,prepared-statement
2633,prestashop
2634,primefaces
2635,primes
2636,printing
2637,priority-queue
2638,private
2639,probability
2640,procedure
2641,process
2642,process-substitution
2643,processing
2644,procfs
2645,product
2646,production
2647,profile
2648,profiling
2649,progress-bar
2650,progressdialog
2651,progressive-download
2652,proguard
2653,proj
2654,proj4js
2655,project
2656,project-management
2657,project-structure
2658,projector
2659,projects
2660,projects-and-solutions
2661,prolog
2662,promela
2663,prometheus
2664,prometheus-operator
2665,promise
2666,prompt
2667,properties
2668,protocol-buffers
2669,protocols
2670,prototype
2671,prototypejs
2672,prototyping
2673,protractor
2674,provider
2675,proxy
2676,proxy-server
2677,pseudo-class
2678,psexec
2679,public-method
2680,pug
2681,pulse
2682,puma
2683,puppet
2684,push
2685,push-notification
2686,pushviewcontroller
2687,putty
2688,py2app
2689,pycharm
2690,pydev
2691,pydot
2692,pygame
2693,pygobject
2694,pyinstaller
2695,pymongo
2696,pymunk
2697,pyopenssl
2698,pypi
2699,pypy
2700,pyqt
2701,pyqt4
2702,pyqt5
2703,pyqtgraph
2704,pyramid
2705,pyspark
2706,pytest
2707,python
2708,python-2.7
2709,python-2.x
2710,python-3.4
2711,python-3.5
2712,python-3.6
2713,python-3.7
2714,python-3.x
2715,python-asyncio
2716,python-docx
2717,python-import
2718,python-module
2719,python-multiprocessing
2720,python-multithreading
2721,python-requests
2722,python-sip
2723,pytorch
2724,qa
2725,qcodo
2726,qemu
2727,qgis
2728,qgraphicsitem
2729,qlabel
2730,qliksense
2731,qmail
2732,qmake
2733,qml
2734,qnx
2735,qpixmap
2736,qplaintextedit
2737,qqmlcomponent
2738,qr-code
2739,qsplashscreen
2740,qt
2741,qt-creator
2742,qt-designer
2743,qt-quick
2744,qt4
2745,qt5
2746,qtconsole
2747,qtip2
2748,qtp
2749,qtquickcontrols
2750,quantmod
2751,quartz-scheduler
2752,quartz.net
2753,quectel
2754,query-by-example
2755,query-cache
2756,query-string
2757,queue
2758,quickblox
2759,quickbooks
2760,quickbooks-online
2761,quickcontactbadge
2762,quickfix
2763,quicktime
2764,qunit
2765,quote
2766,quoted-identifier
2767,quotes
2768,r
2769,r-dbi
2770,r-markdown
2771,rabbitmq
2772,rack
2773,racket
2774,radare2
2775,raddatapager
2776,radgridview
2777,radio-button
2778,rails-postgresql
2779,railstutorial.org
2780,rajawali
2781,rake
2782,rally
2783,ram
2784,ramda.js
2785,random
2786,random-access
2787,random-forest
2788,randomaccessfile
2789,range
2790,rank
2791,ranking-functions
2792,raphael
2793,rapi
2794,rapidjson
2795,raspberry-pi
2796,ravendb
2797,raw-input
2798,razor
2799,rdkit
2800,rdms
2801,reachability
2802,react-apollo
2803,react-bootstrap-typeahead
2804,react-context
2805,react-dom
2806,react-google-maps
2807,react-hooks
2808,react-jsx
2809,react-native
2810,react-native-android
2811,react-native-stylesheet
2812,react-props
2813,react-proptypes
2814,react-router
2815,react-router-dom
2816,react-router-v4
2817,react-test-renderer
2818,reactive-programming
2819,reactjs
2820,read-replication
2821,readfile
2822,readline
2823,readonly
2824,realm
2825,recent-screens
2826,recommendation-engine
2827,recursion
2828,red-black-tree
2829,redhat
2830,redirect
2831,redis
2832,reduce
2833,reduction
2834,redux
2835,redux-devtools
2836,redux-saga
2837,refactoring
2838,reference
2839,reflection
2840,reflection.emit
2841,regex
2842,regex-greedy
2843,regex-group
2844,regex-lookarounds
2845,regex-negation
2846,registration
2847,registry
2848,regression
2849,reinforcement-learning
2850,relation
2851,relational-database
2852,relationship
2853,relative-import
2854,remote-debugging
2855,remote-server
2856,removing-whitespace
2857,rename
2858,render
2859,rendering
2860,repaint
2861,repeat
2862,replace
2863,replication
2864,reportbuilder
2865,reporting
2866,reporting-services
2867,reportlab
2868,reportportal
2869,reportviewer
2870,repository
2871,repository-pattern
2872,request
2873,requestanimationframe
2874,require
2875,reset
2876,reshape
2877,resharper
2878,resizable
2879,resize
2880,resnet
2881,resources
2882,responsive-design
2883,responsiveness
2884,rest
2885,rest-client
2886,restart
2887,resteasy
2888,restkit
2889,restlet
2890,restore
2891,retain
2892,retina-display
2893,retrofit
2894,retrofit2
2895,return
2896,reverse
2897,reverse-engineering
2898,revision
2899,rewrite
2900,rfc3339
2901,rfcomm
2902,rgb
2903,rhapsody
2904,riak
2905,richtextbox
2906,ringtone
2907,robotframework
2908,robotium
2909,root-access
2910,root-framework
2911,ros
2912,rotation
2913,rounded-corners
2914,rounding
2915,router
2916,routes
2917,routing
2918,row
2919,row-number
2920,rowdatabound
2921,rows
2922,rpm
2923,rsa
2924,rsh
2925,rspec
2926,rspec-rails
2927,rspec2
2928,rss
2929,rstudio
2930,rstudio-server
2931,rtf
2932,rtmp
2933,rtti
2934,ruby
2935,ruby-on-rails
2936,ruby-on-rails-3
2937,ruby-on-rails-3.1
2938,ruby-on-rails-3.2
2939,ruby-on-rails-4
2940,ruby-on-rails-6
2941,rubygems
2942,runtime
2943,runtime-error
2944,runtime.exec
2945,rusoto
2946,rust
2947,rvm
2948,rx-android
2949,rx-java
2950,rx-java2
2951,rxjs
2952,rxjs6
2953,safari
2954,sahi
2955,sails.js
2956,salesforce
2957,sammy.js
2958,sankey-diagram
2959,sap-iq
2960,sapui5
2961,sarsa
2962,sas
2963,sasl
2964,sass
2965,save
2966,saving-data
2967,saxparser
2968,sbt
2969,scala
2970,scala-macros
2971,scalability
2972,scalar
2973,scandir
2974,scapy
2975,scenebuilder
2976,scenekit
2977,schedule
2978,scheduled-tasks
2979,schema
2980,scichart
2981,scikit-learn
2982,scipy
2983,scons
2984,scope
2985,scrape
2986,scrapy
2987,scrapy-spider
2988,screen-capture
2989,screen-resolution
2990,screen-scraping
2991,screen-size
2992,scripting
2993,scriptlet
2994,scroll
2995,scrollbar
2996,scrolledwindow
2997,scroller
2998,scrollview
2999,sdk
3000,sdl
3001,sdl-2
3002,sdlc
3003,seam
3004,seam3
3005,search
3006,search-engine
3007,sections
3008,security
3009,securitydomain
3010,sed
3011,seek
3012,seekbar
3013,segment-io
3014,segmentation-fault
3015,select
3016,selectedindex
3017,selector
3018,selenium
3019,selenium-grid
3020,selenium-rc
3021,selenium-webdriver
3022,self-hosting
3023,self-signed
3024,semantic-release
3025,semantic-ui
3026,sencha-touch
3027,sendgrid
3028,sendgrid-api-v3
3029,sensors
3030,seo
3031,separator
3032,sequelize.js
3033,sequence
3034,serial-port
3035,serialization
3036,series
3037,server
3038,server-side
3039,server-side-rendering
3040,service
3041,service-broker
3042,service-fabric-stateful
3043,service-worker
3044,servicecontroller
3045,servicestack
3046,servlets
3047,session
3048,session-cookies
3049,session-hijacking
3050,set
3051,setstate
3052,setter
3053,settings
3054,setwindowpos
3055,sfauthorizationpluginview
3056,sfinae
3057,shader
3058,shadow-dom
3059,shapefile
3060,sharding
3061,share
3062,shared
3063,shared-hosting
3064,shared-libraries
3065,shared-memory
3066,shared-nothing
3067,sharepoint
3068,sharepoint-2010
3069,shebang
3070,shell
3071,shell-exec
3072,shiny
3073,shiny-server
3074,shinydashboard
3075,shinyjs
3076,shopify
3077,shopping-cart
3078,show
3079,show-hide
3080,shrink
3081,signal-processing
3082,signalr.client
3083,signals
3084,signing
3085,silex
3086,silhouette
3087,silverlight
3088,silverlight-3.0
3089,silverlight-4.0
3090,simple-injector
3091,simplecart
3092,simplexmlrpcserver
3093,simplify
3094,simulator
3095,simultaneous
3096,sinatra
3097,sinch
3098,single-sign-on
3099,singleton
3100,singly-linked-list
3101,sinon
3102,sip
3103,sitecore
3104,sitecore7
3105,sitecore7.2
3106,sitefinity
3107,sitemap
3108,sizeof
3109,skipper
3110,skscene
3111,skspritenode
3112,skype
3113,slick
3114,slickgrid
3115,slidedown
3116,slider
3117,slim
3118,slim-3
3119,slug
3120,smalltalk
3121,smart-pointers
3122,smartcontracts
3123,smartgit
3124,smarty
3125,sml
3126,smlnj
3127,smo
3128,sms
3129,smslib
3130,smtp
3131,smtpclient
3132,snakemake
3133,snort
3134,soa
3135,soap
3136,soapfault
3137,soapui
3138,social-media
3139,socket.io
3140,sockets
3141,socketserver
3142,solidity
3143,solr
3144,sonarqube
3145,sonata-admin
3146,sortedlist
3147,sorting
3148,soundex
3149,soundfont
3150,sourceforge
3151,spaces
3152,spacing
3153,spam
3154,spark-dataframe
3155,spark-streaming
3156,sparql
3157,spatial
3158,spawning
3159,specifications
3160,speculative-execution
3161,speech-recognition
3162,spell-checking
3163,spfx
3164,spherical-coordinate
3165,sphinx
3166,spin
3167,spinner
3168,splash-screen
3169,split
3170,spock
3171,spork
3172,spotify
3173,spotlight
3174,spreadsheet
3175,spring
3176,spring-amqp
3177,spring-boot
3178,spring-camel
3179,spring-cloud
3180,spring-cloud-aws
3181,spring-cloud-sleuth
3182,spring-data
3183,spring-data-jpa
3184,spring-data-mongodb
3185,spring-data-neo4j
3186,spring-data-neo4j-4
3187,spring-integration
3188,spring-jdbc
3189,spring-jms
3190,spring-mvc
3191,spring-mvc-initbinders
3192,spring-rabbit
3193,spring-security
3194,spring-security-oauth2
3195,spring-social
3196,spring-test
3197,spring-transactions
3198,spring-webflux
3199,spring-websocket
3200,spring-ws
3201,sprite
3202,sprite-kit
3203,sprite-sheet
3204,sqflite
3205,sql
3206,sql-insert
3207,sql-order-by
3208,sql-server
3209,sql-server-2000
3210,sql-server-2005
3211,sql-server-2008
3212,sql-server-2008-r2
3213,sql-server-2012
3214,sql-server-2014
3215,sql-server-2016
3216,sql-server-ce
3217,sql-server-express
3218,sql-update
3219,sql-view
3220,sqlalchemy
3221,sqlbulkcopy
3222,sqlclient
3223,sqlcmd
3224,sqldataadapter
3225,sqldatareader
3226,sqldatatypes
3227,sqlexception
3228,sqlite
3229,sqlite-net-pcl
3230,sqlparameter
3231,sqrt
3232,square-bracket
3233,squeak
3234,squeryl
3235,squirrelfish
3236,ssas
3237,ssh
3238,ssh-keys
3239,sshfs
3240,ssi
3241,ssis
3242,ssl
3243,ssl-certificate
3244,ssms
3245,ssrs-2008
3246,ssrs-2008-r2
3247,ssrs-2012
3248,stack
3249,stackdriver
3250,standards
3251,stanford-nlp
3252,start-activity
3253,startup
3254,stata
3255,state
3256,state-machine
3257,statechart
3258,stateful-session-bean
3259,static
3260,static-analysis
3261,static-binding
3262,static-libraries
3263,static-members
3264,statistics
3265,status
3266,statusbar
3267,stax
3268,stay-logged-in
3269,std
3270,stdclass
3271,stderr
3272,stdin
3273,stdout
3274,steambot
3275,steganography
3276,stencil-buffer
3277,stimulsoft
3278,stl
3279,stm32
3280,storage
3281,storagefolder
3282,stored-procedures
3283,storyboard
3284,str-replace
3285,strace
3286,stream
3287,streaming
3288,streams2
3289,street-address
3290,string
3291,string-comparison
3292,string-formatting
3293,string.format
3294,stringr
3295,strip-tags
3296,stripe-payments
3297,stroke
3298,strong-parameters
3299,strsplit
3300,struct
3301,structural-search
3302,structure
3303,struts
3304,struts-1
3305,struts2
3306,styled-components
3307,styles
3308,stylesheet
3309,subclass
3310,subdomain
3311,sublimelinter
3312,sublimetext3
3313,submenu
3314,submit
3315,subplot
3316,subprocess
3317,subquery
3318,subscript
3319,subsequence
3320,subset
3321,subtype
3322,suckerfish
3323,sudoku
3324,sum
3325,sunspot
3326,sunspot-rails
3327,superclass
3328,superscript
3329,supersocket.net
3330,supertype
3331,suppress-warnings
3332,svg
3333,svm
3334,svn
3335,svnsync
3336,swagger
3337,swift
3338,swift-playground
3339,swift2
3340,swift3
3341,swift4
3342,swig
3343,swing
3344,switch-statement
3345,sybase
3346,symbols
3347,symfony
3348,symfony-forms
3349,symfony-sonata
3350,symfony4
3351,symlink
3352,sympy
3353,sync
3354,syncfusion
3355,synchronization
3356,syntax
3357,syntax-error
3358,sys
3359,sysadmin
3360,system
3361,system-calls
3362,system.data.sqlite
3363,system.io.fileinfo
3364,system.net.mail
3365,system.reflection
3366,systemd
3367,t-test
3368,tabbarcontroller
3369,table-per-hierarchy
3370,tablesorter
3371,tabs
3372,tabular
3373,tagbar
3374,talend
3375,task
3376,task-parallel-library
3377,tasm
3378,tcl
3379,tcm
3380,tcp
3381,tcpdf
3382,tcsh
3383,tdd
3384,teamcity
3385,telegram
3386,telerik
3387,telerik-charting
3388,telerik-grid
3389,telerik-reporting
3390,telnet
3391,temenos-quantum
3392,template-haskell
3393,template-specialization
3394,templates
3395,tempus-dominus-datetimepicker
3396,tensorboard
3397,tensorflow
3398,tensorflow-hub
3399,tensorflow-lite
3400,tensorflow-probability
3401,tensorflow-serving
3402,tensorflow2.0
3403,teradata
3404,terminal
3405,terminology
3406,test-data
3407,test-suite
3408,testflight
3409,testing
3410,testng
3411,text
3412,text-classification
3413,text-editor
3414,text-extraction
3415,text-files
3416,text-processing
3417,text-to-speech
3418,textarea
3419,textbox
3420,textfield
3421,textinput
3422,textsum
3423,textview
3424,tf.keras
3425,tfs
3426,tfs-2015
3427,tfsbuild
3428,theano
3429,themes
3430,theming
3431,theory
3432,thinking-sphinx
3433,thinktecture-ident-model
3434,thread-safety
3435,three.js
3436,throughput
3437,thrust
3438,thumbnails
3439,thymeleaf
3440,ticket-system
3441,tidy
3442,tidyverse
3443,tiles
3444,time
3445,time-complexity
3446,time-series
3447,timeout
3448,timer
3449,timestamp
3450,timezone
3451,timezone-offset
3452,timing
3453,tinymce
3454,tkinter
3455,tls1.2
3456,tmp
3457,tmux
3458,toad
3459,toggle
3460,toggleclass
3461,token
3462,tokenize
3463,tomcat
3464,tomcat6
3465,tomcat8
3466,toolchain
3467,toolstrip
3468,toolstripbutton
3469,tortoisehg
3470,tortoisesvn
3471,touch
3472,touchmove
3473,trac
3474,trace
3475,tracemonkey
3476,trackbar
3477,tracker
3478,tracking
3479,traefik
3480,traffic
3481,transactions
3482,transclusion
3483,transform
3484,transformation
3485,transition
3486,transitions
3487,translate
3488,translate3d
3489,translation
3490,transmission
3491,transparency
3492,traversal
3493,travis-ci
3494,tree
3495,treetop
3496,treeview
3497,triggers
3498,truncate
3499,trunk
3500,truss
3501,truststore
3502,try-catch
3503,try-catch-finally
3504,tsql
3505,tsv
3506,tui
3507,tuples
3508,turbo-c++
3509,tweepy
3510,tweetsharp
3511,twig
3512,twilio
3513,twitter
3514,twitter-bootstrap
3515,twitter-bootstrap-3
3516,two-factor-authentication
3517,twython
3518,type-conversion
3519,type-inference
3520,typeid
3521,typeinfo
3522,typelib
3523,types
3524,typesafe-activator
3525,typescript
3526,typescript2.0
3527,typography
3528,uac
3529,uber-api
3530,ubercart
3531,ubuntu
3532,ubuntu-10.10
3533,ubuntu-11.10
3534,ubuntu-16.04
3535,ubuntu-18.04
3536,udid
3537,udp
3538,ui-automation
3539,ui-grid
3540,ui5-tooling
3541,uiactivityindicatorview
3542,uiapplicationdelegate
3543,uibarbuttonitem
3544,uibezierpath
3545,uibutton
3546,uicollectionview
3547,uicollectionviewcell
3548,uicollectionviewlayout
3549,uielement
3550,uifont
3551,uigesturerecognizer
3552,uiimage
3553,uiimageview
3554,uikit
3555,uilabel
3556,uinavigationbar
3557,uinavigationcontroller
3558,uipickerview
3559,uipopoverbackgroundview
3560,uiscrollview
3561,uisearchbar
3562,uisearchcontroller
3563,uisegmentedcontrol
3564,uislider
3565,uistoryboard
3566,uistoryboardsegue
3567,uitabbar
3568,uitabbarcontroller
3569,uitabbaritem
3570,uitableview
3571,uitableviewsectionheader
3572,uitapgesturerecognizer
3573,uitextfielddelegate
3574,uitextview
3575,uitouch
3576,uiview
3577,uiviewanimation
3578,uiviewanimationtransition
3579,uiviewcontroller
3580,uiwebview
3581,umbraco
3582,uml
3583,umount
3584,unassigned-variable
3585,undefined
3586,undefined-behavior
3587,undefined-reference
3588,undefined-symbol
3589,underscore.js
3590,undo
3591,unicast
3592,unicode
3593,unicorn
3594,uninstallation
3595,unions
3596,unique
3597,unique-constraint
3598,unique-ptr
3599,unison
3600,unit-testing
3601,units-of-measurement
3602,unity3d
3603,unity5
3604,universal-hashing
3605,unix
3606,unmount
3607,unordered-map
3608,unordered-set
3609,unsigned
3610,unsubscribe
3611,updatepanel
3612,upload
3613,upload-max-filesize
3614,uploadify
3615,upsert
3616,uri
3617,url
3618,url-rewriting
3619,url-scheme
3620,urldecode
3621,urlencode
3622,urllib2
3623,usability
3624,usb
3625,usbserial
3626,use-case
3627,use-effect
3628,user-agent
3629,user-controls
3630,user-defined
3631,user-experience
3632,user-interface
3633,userdefaults
3634,using-declaration
3635,using-statement
3636,utc
3637,utf-8
3638,uuid
3639,uv4l
3640,uwp
3641,uwsgi
3642,v8
3643,vagrant
3644,vagrantfile
3645,valgrind
3646,validation
3647,var
3648,variable-length-array
3649,variables
3650,variadic-functions
3651,variadic-templates
3652,vb.net
3653,vb.net-2010
3654,vb6
3655,vb6-migration
3656,vba
3657,vbscript
3658,vcf-vcard
3659,vector
3660,vector-graphics
3661,vectorization
3662,velo
3663,velocity
3664,velocity.js
3665,verification
3666,verilog
3667,version
3668,version-control
3669,versioning
3670,versions
3671,vert.x
3672,vertex-buffer
3673,vertex-shader
3674,vertical-scrolling
3675,vertx-verticle
3676,vhdl
3677,vi
3678,video
3679,video-capture
3680,video-processing
3681,video-streaming
3682,view
3683,viewdidload
3684,viewer
3685,viewgroup
3686,viewing
3687,viewstate
3688,vim
3689,vim-airline
3690,virtual-inheritance
3691,virtual-machine
3692,virtualbox
3693,virtualization
3694,vis.js
3695,vis.js-network
3696,visibility
3697,visual-c++
3698,visual-leak-detector
3699,visual-sourcesafe
3700,visual-studio
3701,visual-studio-2005
3702,visual-studio-2008
3703,visual-studio-2008-sp1
3704,visual-studio-2010
3705,visual-studio-2012
3706,visual-studio-2013
3707,visual-studio-2015
3708,visual-studio-2017
3709,visual-studio-2019
3710,visual-studio-app-center
3711,visual-studio-code
3712,visual-studio-cordova
3713,visual-studio-sdk
3714,visualforce
3715,visualization
3716,visualizer
3717,visualsvn-server
3718,vitess
3719,vlc
3720,vlookup
3721,vmware
3722,vmware-clarity
3723,vnc
3724,vobject
3725,voice
3726,voiceover
3727,void
3728,voip
3729,volume
3730,vpn
3731,vscode-settings
3732,vsto
3733,vtiger
3734,vtigercrm
3735,vtk
3736,vue-cli
3737,vue.js
3738,vuejs2
3739,vuetify.js
3740,vuforia
3741,wallpaper
3742,wamp
3743,wampserver
3744,warnings
3745,wasabi
3746,wasm-bindgen
3747,watchman
3748,watchos-2
3749,waterline
3750,wav
3751,waveform
3752,wcf
3753,wcf-client
3754,wcf-rest
3755,wcf-ria-services
3756,wdf
3757,wear-os
3758,weather-api
3759,web
3760,web-applications
3761,web-clips
3762,web-component
3763,web-config
3764,web-crawler
3765,web-deployment
3766,web-frameworks
3767,web-hosting
3768,web-ide
3769,web-parts
3770,web-scraping
3771,web-services
3772,web2py
3773,webassembly
3774,webbrowser-control
3775,webcam
3776,webclient
3777,webdeploy
3778,webdriver
3779,webforms
3780,webhooks
3781,webkit
3782,webmail
3783,webp
3784,webpack
3785,webpage
3786,webrat
3787,webrole
3788,webrtc
3789,webserver
3790,webservice-client
3791,websharper
3792,websocket
3793,websphere-6.1
3794,webstorm
3795,websvn
3796,webtop
3797,webview
3798,weld
3799,wget
3800,whenever
3801,where-clause
3802,while-loop
3803,whitespace
3804,wicket
3805,widget
3806,width
3807,wif
3808,wifi
3809,wiki
3810,wildcard-subdomain
3811,wildfly
3812,win-universal-app
3813,winamp
3814,winapi
3815,window
3816,window-resize
3817,windows
3818,windows-10
3819,windows-10-mobile
3820,windows-7
3821,windows-8
3822,windows-8.1
3823,windows-authentication
3824,windows-ce
3825,windows-installer
3826,windows-mobile
3827,windows-phone
3828,windows-phone-7
3829,windows-phone-8
3830,windows-phone-8.1
3831,windows-runtime
3832,windows-server-2008-r2
3833,windows-server-2012-r2
3834,windows-services
3835,windows-store-apps
3836,windows-vista
3837,winforms
3838,winjs
3839,winrar
3840,winrt-xaml
3841,winscp
3842,wit.ai
3843,with-statement
3844,wix
3845,wix3
3846,wkwebview
3847,wmi
3848,wmic
3849,wmode
3850,wolfram-mathematica
3851,woocommerce
3852,word-wrap
3853,wordpress
3854,wordpress-rest-api
3855,workflow
3856,worksheet
3857,wpf
3858,wpf-controls
3859,wpfdatagrid
3860,wpmu
3861,wrapper
3862,writer
3863,writetofile
3864,ws-security
3865,wsdl
3866,wse
3867,wsgi
3868,wso2
3869,wso2esb
3870,wss
3871,wwdc
3872,www-mechanize
3873,wxpython
3874,wxwidgets
3875,wysiwyg
3876,x12
3877,x509
3878,x509certificate
3879,x509certificate2
3880,x86
3881,xamarin
3882,xamarin.android
3883,xamarin.forms
3884,xamarin.ios
3885,xamarin.mac
3886,xaml
3887,xampp
3888,xbee
3889,xcode
3890,xcode11
3891,xcode3.1
3892,xcode4.2
3893,xcode4.5
3894,xcode4.6
3895,xcode6
3896,xcode7
3897,xcode8-beta2
3898,xcode9
3899,xcuitest
3900,xerces
3901,xgboost
3902,xhtml
3903,xib
3904,xlrd
3905,xls
3906,xlsx
3907,xmi
3908,xml
3909,xml-parsing
3910,xml-serialization
3911,xmlhttprequest
3912,xmllint
3913,xmlstarlet
3914,xmppframework
3915,xna-4.0
3916,xpages
3917,xpages-extlib
3918,xpages-ssjs
3919,xpath
3920,xquery
3921,xsd
3922,xslt
3923,xslt-1.0
3924,xslt-2.0
3925,xss
3926,xtend
3927,xts
3928,xuggler
3929,xul
3930,xulrunner
3931,xunit
3932,yaml
3933,yarnpkg
3934,yield
3935,yii
3936,yii2
3937,yocto
3938,youtube
3939,yuidoc
3940,z-index
3941,zbuffer
3942,zeep
3943,zend-framework
3944,zend-framework2
3945,zend-lucene
3946,zend-view
3947,zeroconf
3948,zigbee
3949,zip
3950,zipfile
3951,zipkin
3952,zlib
3953,zooming
3954,zurb-foundation
3955,zxing
